,gene,essential
0,SYNPCC7942_RS00005,False
1,SYNPCC7942_RS00015,False
2,SYNPCC7942_RS00020,True
3,SYNPCC7942_RS00045,True
4,SYNPCC7942_RS00090,False
5,SYNPCC7942_RS00095,True
6,SYNPCC7942_RS00100,True
7,SYNPCC7942_RS00110,True
8,SYNPCC7942_RS00120,False
9,SYNPCC7942_RS00140,True
10,SYNPCC7942_RS00145,True
11,SYNPCC7942_RS00150,True
12,SYNPCC7942_RS00155,True
13,SYNPCC7942_RS00160,True
14,Synpcc7942_0034,False
15,SYNPCC7942_RS00195,False
16,SYNPCC7942_RS00200,True
17,SYNPCC7942_RS00290,False
18,SYNPCC7942_RS00305,False
19,SYNPCC7942_RS00310,False
20,SYNPCC7942_RS00345,False
21,SYNPCC7942_RS00360,True
22,SYNPCC7942_RS00405,True
23,SYNPCC7942_RS00425,False
24,SYNPCC7942_RS00460,True
25,SYNPCC7942_RS00470,True
26,SYNPCC7942_RS00475,True
27,SYNPCC7942_RS00495,True
28,SYNPCC7942_RS00500,True
29,SYNPCC7942_RS00515,True
30,SYNPCC7942_RS00535,True
31,SYNPCC7942_RS00540,False
32,SYNPCC7942_RS00575,False
33,SYNPCC7942_RS00585,False
34,SYNPCC7942_RS00590,True
35,SYNPCC7942_RS00635,True
36,SYNPCC7942_RS00640,True
37,SYNPCC7942_RS00685,False
38,SYNPCC7942_RS00695,True
39,SYNPCC7942_RS00700,False
40,SYNPCC7942_RS00705,True
41,SYNPCC7942_RS00725,True
42,SYNPCC7942_RS00770,True
43,SYNPCC7942_RS00790,False
44,SYNPCC7942_RS00800,True
45,SYNPCC7942_RS00840,False
46,SYNPCC7942_RS00860,False
47,SYNPCC7942_RS00870,False
48,SYNPCC7942_RS00880,False
49,SYNPCC7942_RS00940,False
50,SYNPCC7942_RS00960,True
51,SYNPCC7942_RS00965,True
52,SYNPCC7942_RS00970,True
53,SYNPCC7942_RS00985,False
54,SYNPCC7942_RS01005,False
55,SYNPCC7942_RS01030,True
56,SYNPCC7942_RS01040,False
57,SYNPCC7942_RS01045,False
58,SYNPCC7942_RS01070,True
59,SYNPCC7942_RS01075,True
60,SYNPCC7942_RS01125,False
61,SYNPCC7942_RS01140,False
62,SYNPCC7942_RS01145,True
63,SYNPCC7942_RS01180,True
64,SYNPCC7942_RS01220,False
65,SYNPCC7942_RS01245,False
66,SYNPCC7942_RS01250,False
67,SYNPCC7942_RS01255,False
68,SYNPCC7942_RS01260,False
69,SYNPCC7942_RS01265,False
70,SYNPCC7942_RS01270,False
71,SYNPCC7942_RS01305,False
72,SYNPCC7942_RS01335,True
73,SYNPCC7942_RS01345,True
74,SYNPCC7942_RS01380,True
75,SYNPCC7942_RS01385,True
76,SYNPCC7942_RS01390,True
77,SYNPCC7942_RS01405,False
78,SYNPCC7942_RS01415,False
79,SYNPCC7942_RS01420,False
80,SYNPCC7942_RS01425,False
81,SYNPCC7942_RS01430,True
82,SYNPCC7942_RS01435,True
83,SYNPCC7942_RS01445,True
84,SYNPCC7942_RS01450,True
85,SYNPCC7942_RS01465,True
86,SYNPCC7942_RS01475,True
87,SYNPCC7942_RS01490,True
88,SYNPCC7942_RS01500,False
89,SYNPCC7942_RS01505,False
90,SYNPCC7942_RS01565,False
91,SYNPCC7942_RS01570,False
92,SYNPCC7942_RS01575,False
93,SYNPCC7942_RS01580,True
94,SYNPCC7942_RS01600,False
95,SYNPCC7942_RS01605,True
96,SYNPCC7942_RS01630,True
97,SYNPCC7942_RS01640,True
98,SYNPCC7942_RS01645,True
99,SYNPCC7942_RS01655,False
100,SYNPCC7942_RS01660,True
101,SYNPCC7942_RS01665,True
102,SYNPCC7942_RS01670,True
103,SYNPCC7942_RS01680,True
104,SYNPCC7942_RS01685,True
105,SYNPCC7942_RS01690,True
106,SYNPCC7942_RS01695,True
107,SYNPCC7942_RS01700,True
108,SYNPCC7942_RS01705,True
109,SYNPCC7942_RS01710,True
110,SYNPCC7942_RS01715,True
111,SYNPCC7942_RS01750,False
112,SYNPCC7942_RS01755,False
113,SYNPCC7942_RS01760,True
114,SYNPCC7942_RS01800,False
115,SYNPCC7942_RS01880,False
116,SYNPCC7942_RS01885,False
117,SYNPCC7942_RS01890,False
118,SYNPCC7942_RS01965,True
119,SYNPCC7942_RS02000,False
120,SYNPCC7942_RS02010,False
121,SYNPCC7942_RS02020,True
122,SYNPCC7942_RS02025,False
123,SYNPCC7942_RS02040,True
124,SYNPCC7942_RS02045,False
125,SYNPCC7942_RS02065,True
126,SYNPCC7942_RS02075,False
127,SYNPCC7942_RS02080,True
128,SYNPCC7942_RS02095,True
129,Synpcc7942_0413,False
130,SYNPCC7942_RS02140,True
131,SYNPCC7942_RS02165,False
132,SYNPCC7942_RS02185,False
133,SYNPCC7942_RS02195,True
134,SYNPCC7942_RS02205,False
135,SYNPCC7942_RS02245,True
136,SYNPCC7942_RS02250,True
137,SYNPCC7942_RS02255,False
138,SYNPCC7942_RS02260,False
139,SYNPCC7942_RS02275,False
140,SYNPCC7942_RS02295,True
141,SYNPCC7942_RS02300,True
142,SYNPCC7942_RS02320,True
143,SYNPCC7942_RS02325,False
144,SYNPCC7942_RS13675,False
145,SYNPCC7942_RS02335,False
146,SYNPCC7942_RS02340,False
147,SYNPCC7942_RS02375,False
148,SYNPCC7942_RS02390,True
149,SYNPCC7942_RS02420,True
150,SYNPCC7942_RS02455,True
151,SYNPCC7942_RS02470,True
152,SYNPCC7942_RS02475,True
153,SYNPCC7942_RS02485,True
154,SYNPCC7942_RS02490,False
155,Synpcc7942_0491,False
156,SYNPCC7942_RS02505,True
157,SYNPCC7942_RS02560,True
158,SYNPCC7942_RS02565,True
159,SYNPCC7942_RS02570,True
160,SYNPCC7942_RS02595,True
161,SYNPCC7942_RS02670,True
162,SYNPCC7942_RS02690,False
163,SYNPCC7942_RS02695,False
164,SYNPCC7942_RS02715,True
165,SYNPCC7942_RS02720,True
166,SYNPCC7942_RS02730,True
167,SYNPCC7942_RS02735,True
168,SYNPCC7942_RS02760,True
169,SYNPCC7942_RS02765,False
170,SYNPCC7942_RS02780,False
171,SYNPCC7942_RS02810,True
172,SYNPCC7942_RS02850,True
173,SYNPCC7942_RS02885,False
174,SYNPCC7942_RS02900,True
175,SYNPCC7942_RS02935,True
176,SYNPCC7942_RS02940,False
177,SYNPCC7942_RS02945,False
178,SYNPCC7942_RS02950,True
179,SYNPCC7942_RS02965,True
180,SYNPCC7942_RS02970,True
181,SYNPCC7942_RS03010,True
182,SYNPCC7942_RS03015,False
183,SYNPCC7942_RS03035,False
184,SYNPCC7942_RS03055,False
185,SYNPCC7942_RS03060,True
186,SYNPCC7942_RS03080,False
187,SYNPCC7942_RS03095,False
188,SYNPCC7942_RS03100,True
189,SYNPCC7942_RS03120,False
190,SYNPCC7942_RS03125,False
191,SYNPCC7942_RS03140,True
192,SYNPCC7942_RS03170,True
193,SYNPCC7942_RS03195,False
194,SYNPCC7942_RS03210,True
195,SYNPCC7942_RS03225,False
196,SYNPCC7942_RS03275,False
197,SYNPCC7942_RS03280,True
198,SYNPCC7942_RS03290,False
199,SYNPCC7942_RS03310,True
200,SYNPCC7942_RS03350,True
201,SYNPCC7942_RS03355,False
202,SYNPCC7942_RS03360,True
203,SYNPCC7942_RS03380,False
204,Synpcc7942_0668,False
205,SYNPCC7942_RS03430,True
206,SYNPCC7942_RS03450,True
207,SYNPCC7942_RS03485,False
208,SYNPCC7942_RS03490,True
209,SYNPCC7942_RS03505,True
210,SYNPCC7942_RS03570,False
211,SYNPCC7942_RS03575,True
212,SYNPCC7942_RS03585,True
213,SYNPCC7942_RS03625,False
214,SYNPCC7942_RS03645,True
215,SYNPCC7942_RS03655,True
216,SYNPCC7942_RS03670,True
217,SYNPCC7942_RS03695,False
218,SYNPCC7942_RS04015,False
219,SYNPCC7942_RS04020,True
220,SYNPCC7942_RS04025,True
221,SYNPCC7942_RS04030,True
222,SYNPCC7942_RS04045,False
223,SYNPCC7942_RS04050,False
224,SYNPCC7942_RS04060,True
225,SYNPCC7942_RS04145,True
226,SYNPCC7942_RS04160,True
227,SYNPCC7942_RS04180,False
228,SYNPCC7942_RS04195,False
229,SYNPCC7942_RS04205,True
230,SYNPCC7942_RS04215,False
231,SYNPCC7942_RS04230,True
232,SYNPCC7942_RS04235,True
233,SYNPCC7942_RS04245,False
234,SYNPCC7942_RS04250,False
235,SYNPCC7942_RS04275,True
236,SYNPCC7942_RS04290,False
237,SYNPCC7942_RS04355,False
238,SYNPCC7942_RS04385,True
239,SYNPCC7942_RS04395,True
240,SYNPCC7942_RS04400,True
241,SYNPCC7942_RS04440,False
242,SYNPCC7942_RS04515,True
243,SYNPCC7942_RS04540,True
244,SYNPCC7942_RS04585,True
245,SYNPCC7942_RS04600,False
246,SYNPCC7942_RS04605,True
247,SYNPCC7942_RS04655,True
248,SYNPCC7942_RS04690,True
249,SYNPCC7942_RS04705,True
250,SYNPCC7942_RS04725,False
251,SYNPCC7942_RS04735,False
252,SYNPCC7942_RS04750,False
253,SYNPCC7942_RS04760,True
254,SYNPCC7942_RS04770,True
255,SYNPCC7942_RS04780,True
256,SYNPCC7942_RS04785,True
257,SYNPCC7942_RS04790,True
258,SYNPCC7942_RS04795,True
259,SYNPCC7942_RS04820,False
260,SYNPCC7942_RS04830,False
261,SYNPCC7942_RS04850,True
262,SYNPCC7942_RS04855,True
263,SYNPCC7942_RS04865,False
264,SYNPCC7942_RS04890,False
265,SYNPCC7942_RS04920,True
266,SYNPCC7942_RS04925,False
267,SYNPCC7942_RS04960,False
268,SYNPCC7942_RS04970,True
269,SYNPCC7942_RS04985,False
270,SYNPCC7942_RS05000,False
271,SYNPCC7942_RS05015,True
272,SYNPCC7942_RS05020,True
273,SYNPCC7942_RS05065,True
274,SYNPCC7942_RS13875,True
275,SYNPCC7942_RS05090,False
276,SYNPCC7942_RS05115,False
277,SYNPCC7942_RS05135,True
278,SYNPCC7942_RS05140,True
279,SYNPCC7942_RS05145,True
280,SYNPCC7942_RS05155,False
281,SYNPCC7942_RS05170,False
282,SYNPCC7942_RS05175,False
283,SYNPCC7942_RS05240,False
284,SYNPCC7942_RS05245,True
285,SYNPCC7942_RS05250,True
286,SYNPCC7942_RS05285,False
287,SYNPCC7942_RS05290,True
288,SYNPCC7942_RS05325,True
289,SYNPCC7942_RS05330,False
290,SYNPCC7942_RS05350,False
291,SYNPCC7942_RS05355,True
292,SYNPCC7942_RS05370,False
293,SYNPCC7942_RS05375,False
294,SYNPCC7942_RS05380,False
295,SYNPCC7942_RS05385,False
296,SYNPCC7942_RS05390,False
297,SYNPCC7942_RS05395,False
298,SYNPCC7942_RS05400,False
299,SYNPCC7942_RS05410,True
300,SYNPCC7942_RS05420,True
301,SYNPCC7942_RS05425,True
302,SYNPCC7942_RS05480,True
303,SYNPCC7942_RS05500,False
304,SYNPCC7942_RS05545,False
305,SYNPCC7942_RS05550,False
306,SYNPCC7942_RS05555,False
307,SYNPCC7942_RS05560,True
308,SYNPCC7942_RS05570,False
309,SYNPCC7942_RS05575,True
310,SYNPCC7942_RS05610,False
311,SYNPCC7942_RS05625,True
312,SYNPCC7942_RS05635,False
313,SYNPCC7942_RS05655,False
314,SYNPCC7942_RS05670,False
315,SYNPCC7942_RS05685,True
316,SYNPCC7942_RS05695,False
317,SYNPCC7942_RS05720,True
318,SYNPCC7942_RS05745,False
319,SYNPCC7942_RS05765,False
320,SYNPCC7942_RS05790,True
321,SYNPCC7942_RS05810,False
322,SYNPCC7942_RS05815,False
323,SYNPCC7942_RS05845,True
324,SYNPCC7942_RS05885,False
325,SYNPCC7942_RS05900,True
326,SYNPCC7942_RS05995,False
327,SYNPCC7942_RS06000,True
328,SYNPCC7942_RS13745,False
329,SYNPCC7942_RS06020,True
330,SYNPCC7942_RS06025,True
331,SYNPCC7942_RS06030,True
332,SYNPCC7942_RS06045,True
333,SYNPCC7942_RS06050,True
334,SYNPCC7942_RS06055,True
335,SYNPCC7942_RS06065,False
336,SYNPCC7942_RS06075,True
337,SYNPCC7942_RS06095,False
338,SYNPCC7942_RS06100,True
339,SYNPCC7942_RS06115,True
340,SYNPCC7942_RS06130,True
341,SYNPCC7942_RS06135,True
342,SYNPCC7942_RS06220,False
343,SYNPCC7942_RS06275,True
344,SYNPCC7942_RS06300,True
345,SYNPCC7942_RS06310,True
346,SYNPCC7942_RS06315,True
347,SYNPCC7942_RS06320,False
348,SYNPCC7942_RS06330,False
349,SYNPCC7942_RS06335,False
350,SYNPCC7942_RS06340,False
351,SYNPCC7942_RS06345,False
352,SYNPCC7942_RS06350,False
353,SYNPCC7942_RS06355,True
354,SYNPCC7942_RS06375,False
355,SYNPCC7942_RS06385,False
356,SYNPCC7942_RS06400,True
357,SYNPCC7942_RS06405,False
358,SYNPCC7942_RS06440,False
359,SYNPCC7942_RS06460,True
360,SYNPCC7942_RS06475,False
361,SYNPCC7942_RS06495,True
362,SYNPCC7942_RS06500,True
363,SYNPCC7942_RS06615,True
364,SYNPCC7942_RS06620,False
365,SYNPCC7942_RS06635,False
366,SYNPCC7942_RS06675,False
367,SYNPCC7942_RS06690,True
368,SYNPCC7942_RS06695,True
369,SYNPCC7942_RS06715,True
370,SYNPCC7942_RS06730,False
371,SYNPCC7942_RS06735,False
372,SYNPCC7942_RS06740,False
373,SYNPCC7942_RS06760,False
374,SYNPCC7942_RS06810,False
375,SYNPCC7942_RS06815,False
376,SYNPCC7942_RS06820,False
377,SYNPCC7942_RS06825,False
378,SYNPCC7942_RS06860,True
379,SYNPCC7942_RS06865,True
380,SYNPCC7942_RS06870,False
381,SYNPCC7942_RS06875,True
382,SYNPCC7942_RS06880,True
383,SYNPCC7942_RS06885,False
384,SYNPCC7942_RS06910,False
385,SYNPCC7942_RS06950,True
386,SYNPCC7942_RS06990,True
387,SYNPCC7942_RS07015,False
388,SYNPCC7942_RS07020,True
389,SYNPCC7942_RS07025,False
390,SYNPCC7942_RS07060,True
391,SYNPCC7942_RS07080,True
392,SYNPCC7942_RS07095,True
393,SYNPCC7942_RS07110,False
394,SYNPCC7942_RS07155,False
395,SYNPCC7942_RS07180,False
396,SYNPCC7942_RS07195,True
397,SYNPCC7942_RS07200,True
398,SYNPCC7942_RS07210,False
399,SYNPCC7942_RS07215,False
400,SYNPCC7942_RS07220,False
401,SYNPCC7942_RS07240,True
402,SYNPCC7942_RS07260,False
403,SYNPCC7942_RS07265,False
404,SYNPCC7942_RS07270,True
405,SYNPCC7942_RS07275,True
406,SYNPCC7942_RS07280,True
407,SYNPCC7942_RS07285,True
408,SYNPCC7942_RS07290,True
409,SYNPCC7942_RS07295,True
410,SYNPCC7942_RS07300,True
411,SYNPCC7942_RS07305,True
412,SYNPCC7942_RS07325,True
413,SYNPCC7942_RS07330,True
414,SYNPCC7942_RS07340,True
415,SYNPCC7942_RS07360,False
416,SYNPCC7942_RS07365,True
417,SYNPCC7942_RS07370,True
418,SYNPCC7942_RS07385,True
419,SYNPCC7942_RS07405,True
420,SYNPCC7942_RS07410,False
421,SYNPCC7942_RS07415,True
422,SYNPCC7942_RS07440,True
423,SYNPCC7942_RS07445,True
424,SYNPCC7942_RS07450,True
425,SYNPCC7942_RS07455,True
426,SYNPCC7942_RS07500,False
427,SYNPCC7942_RS07510,False
428,SYNPCC7942_RS07515,False
429,SYNPCC7942_RS13760,False
430,SYNPCC7942_RS07520,False
431,SYNPCC7942_RS07525,False
432,SYNPCC7942_RS07530,False
433,SYNPCC7942_RS07535,True
434,SYNPCC7942_RS07540,False
435,Synpcc7942_1478,False
436,SYNPCC7942_RS07560,True
437,SYNPCC7942_RS07570,True
438,SYNPCC7942_RS07585,True
439,SYNPCC7942_RS07605,False
440,SYNPCC7942_RS07610,False
441,SYNPCC7942_RS07615,False
442,SYNPCC7942_RS07620,False
443,SYNPCC7942_RS07630,False
444,SYNPCC7942_RS07645,True
445,SYNPCC7942_RS07670,True
446,SYNPCC7942_RS07690,True
447,SYNPCC7942_RS07705,False
448,SYNPCC7942_RS07730,True
449,SYNPCC7942_RS07735,True
450,SYNPCC7942_RS07765,True
451,SYNPCC7942_RS07820,False
452,SYNPCC7942_RS07825,False
453,SYNPCC7942_RS07830,False
454,SYNPCC7942_RS07835,False
455,SYNPCC7942_RS07915,True
456,SYNPCC7942_RS08000,False
457,SYNPCC7942_RS08020,False
458,SYNPCC7942_RS08050,False
459,SYNPCC7942_RS08055,True
460,SYNPCC7942_RS08075,False
461,SYNPCC7942_RS08110,False
462,SYNPCC7942_RS08135,True
463,SYNPCC7942_RS08140,True
464,SYNPCC7942_RS08145,True
465,SYNPCC7942_RS08150,False
466,SYNPCC7942_RS08155,True
467,SYNPCC7942_RS08205,True
468,SYNPCC7942_RS08210,True
469,SYNPCC7942_RS08215,False
470,SYNPCC7942_RS08220,False
471,SYNPCC7942_RS08225,False
472,SYNPCC7942_RS08285,True
473,SYNPCC7942_RS08350,False
474,SYNPCC7942_RS08360,True
475,SYNPCC7942_RS08420,True
476,SYNPCC7942_RS08430,False
477,SYNPCC7942_RS08445,False
478,SYNPCC7942_RS08460,False
479,SYNPCC7942_RS08475,True
480,SYNPCC7942_RS08500,True
481,SYNPCC7942_RS08505,False
482,SYNPCC7942_RS08510,False
483,SYNPCC7942_RS08515,False
484,SYNPCC7942_RS08520,False
485,SYNPCC7942_RS08550,False
486,SYNPCC7942_RS08555,False
487,SYNPCC7942_RS08560,False
488,SYNPCC7942_RS08565,False
489,SYNPCC7942_RS08570,False
490,SYNPCC7942_RS08585,False
491,SYNPCC7942_RS08590,False
492,SYNPCC7942_RS08595,False
493,SYNPCC7942_RS08600,False
494,SYNPCC7942_RS08655,True
495,SYNPCC7942_RS13795,False
496,SYNPCC7942_RS08720,False
497,SYNPCC7942_RS08725,True
498,SYNPCC7942_RS08735,False
499,SYNPCC7942_RS08740,False
500,SYNPCC7942_RS08745,True
501,SYNPCC7942_RS08765,False
502,SYNPCC7942_RS08770,False
503,SYNPCC7942_RS08800,False
504,SYNPCC7942_RS08825,True
505,SYNPCC7942_RS08830,True
506,SYNPCC7942_RS08835,True
507,SYNPCC7942_RS08840,True
508,SYNPCC7942_RS08845,True
509,SYNPCC7942_RS08855,True
510,SYNPCC7942_RS08860,True
511,SYNPCC7942_RS08865,True
512,SYNPCC7942_RS08870,True
513,SYNPCC7942_RS08875,True
514,SYNPCC7942_RS08945,False
515,SYNPCC7942_RS08975,False
516,SYNPCC7942_RS08980,False
517,SYNPCC7942_RS09055,True
518,SYNPCC7942_RS09105,True
519,SYNPCC7942_RS09115,False
520,SYNPCC7942_RS09185,True
521,SYNPCC7942_RS09190,False
522,SYNPCC7942_RS09195,False
523,SYNPCC7942_RS09235,False
524,SYNPCC7942_RS09260,False
525,SYNPCC7942_RS09280,True
526,SYNPCC7942_RS09290,True
527,SYNPCC7942_RS09325,False
528,SYNPCC7942_RS09340,True
529,SYNPCC7942_RS09355,False
530,SYNPCC7942_RS09370,True
531,SYNPCC7942_RS09375,True
532,SYNPCC7942_RS09385,True
533,SYNPCC7942_RS09390,True
534,SYNPCC7942_RS09395,True
535,SYNPCC7942_RS09400,True
536,SYNPCC7942_RS09405,True
537,SYNPCC7942_RS09410,True
538,SYNPCC7942_RS09420,False
539,SYNPCC7942_RS09425,True
540,SYNPCC7942_RS09440,False
541,SYNPCC7942_RS09465,False
542,SYNPCC7942_RS09540,False
543,SYNPCC7942_RS09545,False
544,SYNPCC7942_RS09555,True
545,SYNPCC7942_RS09570,False
546,SYNPCC7942_RS09580,False
547,SYNPCC7942_RS09600,False
548,SYNPCC7942_RS09605,False
549,SYNPCC7942_RS09615,True
550,SYNPCC7942_RS09625,True
551,SYNPCC7942_RS09635,True
552,SYNPCC7942_RS09640,False
553,SYNPCC7942_RS09645,False
554,SYNPCC7942_RS09650,False
555,SYNPCC7942_RS09670,True
556,SYNPCC7942_RS09675,False
557,SYNPCC7942_RS09705,False
558,SYNPCC7942_RS09720,True
559,SYNPCC7942_RS09735,False
560,SYNPCC7942_RS09745,True
561,SYNPCC7942_RS09780,True
562,SYNPCC7942_RS09790,True
563,SYNPCC7942_RS09810,False
564,SYNPCC7942_RS09815,False
565,SYNPCC7942_RS09840,False
566,SYNPCC7942_RS09865,True
567,SYNPCC7942_RS09915,False
568,SYNPCC7942_RS09920,True
569,SYNPCC7942_RS09925,True
570,SYNPCC7942_RS09940,True
571,SYNPCC7942_RS09955,False
572,SYNPCC7942_RS09960,False
573,SYNPCC7942_RS09965,True
574,SYNPCC7942_RS09980,True
575,Synpcc7942_1971,False
576,SYNPCC7942_RS10005,True
577,SYNPCC7942_RS10020,False
578,SYNPCC7942_RS10025,False
579,SYNPCC7942_RS10035,False
580,SYNPCC7942_RS10050,True
581,SYNPCC7942_RS10055,True
582,SYNPCC7942_RS10060,True
583,SYNPCC7942_RS10100,False
584,SYNPCC7942_RS10105,False
585,SYNPCC7942_RS10110,False
586,SYNPCC7942_RS10115,True
587,SYNPCC7942_RS10140,False
588,SYNPCC7942_RS10180,True
589,SYNPCC7942_RS10185,False
590,Synpcc7942_2010,True
591,SYNPCC7942_RS10225,False
592,SYNPCC7942_RS10275,True
593,SYNPCC7942_RS10280,True
594,SYNPCC7942_RS10285,True
595,SYNPCC7942_RS10290,True
596,SYNPCC7942_RS10295,True
597,SYNPCC7942_RS10300,True
598,SYNPCC7942_RS10355,True
599,SYNPCC7942_RS10365,False
600,SYNPCC7942_RS10380,False
601,SYNPCC7942_RS10385,False
602,SYNPCC7942_RS10390,True
603,SYNPCC7942_RS10395,True
604,SYNPCC7942_RS10425,True
605,SYNPCC7942_RS10435,True
606,SYNPCC7942_RS10440,True
607,SYNPCC7942_RS10460,True
608,SYNPCC7942_RS10465,False
609,SYNPCC7942_RS10470,True
610,SYNPCC7942_RS10535,False
611,SYNPCC7942_RS10540,False
612,SYNPCC7942_RS10545,False
613,SYNPCC7942_RS10565,True
614,SYNPCC7942_RS10580,True
615,SYNPCC7942_RS10595,True
616,SYNPCC7942_RS10600,False
617,SYNPCC7942_RS10605,False
618,SYNPCC7942_RS10610,False
619,SYNPCC7942_RS10615,False
620,SYNPCC7942_RS10635,False
621,SYNPCC7942_RS10640,False
622,SYNPCC7942_RS10645,False
623,SYNPCC7942_RS10650,False
624,SYNPCC7942_RS10665,False
625,SYNPCC7942_RS10670,False
626,SYNPCC7942_RS10675,False
627,Synpcc7942_2107,False
628,SYNPCC7942_RS10695,True
629,SYNPCC7942_RS10700,False
630,SYNPCC7942_RS10710,True
631,SYNPCC7942_RS10735,True
632,SYNPCC7942_RS10760,True
633,SYNPCC7942_RS10765,True
634,SYNPCC7942_RS10815,False
635,SYNPCC7942_RS10825,False
636,SYNPCC7942_RS10835,True
637,SYNPCC7942_RS10840,True
638,SYNPCC7942_RS10880,True
639,SYNPCC7942_RS10895,False
640,SYNPCC7942_RS10930,False
641,SYNPCC7942_RS10955,False
642,SYNPCC7942_RS10975,False
643,SYNPCC7942_RS11000,False
644,SYNPCC7942_RS11055,False
645,SYNPCC7942_RS11065,False
646,SYNPCC7942_RS11110,False
647,SYNPCC7942_RS11120,True
648,SYNPCC7942_RS11160,True
649,SYNPCC7942_RS11170,True
650,SYNPCC7942_RS11185,True
651,SYNPCC7942_RS11240,True
652,SYNPCC7942_RS11345,True
653,SYNPCC7942_RS11355,False
654,SYNPCC7942_RS11385,False
655,SYNPCC7942_RS11395,True
656,SYNPCC7942_RS11400,False
657,SYNPCC7942_RS11425,False
658,SYNPCC7942_RS11450,True
659,SYNPCC7942_RS11455,False
660,SYNPCC7942_RS13830,False
661,SYNPCC7942_RS11475,False
662,SYNPCC7942_RS11500,True
663,SYNPCC7942_RS11510,True
664,SYNPCC7942_RS11515,False
665,SYNPCC7942_RS11525,True
666,SYNPCC7942_RS11540,False
667,SYNPCC7942_RS11545,True
668,SYNPCC7942_RS11555,True
669,SYNPCC7942_RS11585,False
670,SYNPCC7942_RS11615,False
671,SYNPCC7942_RS11620,True
672,SYNPCC7942_RS11625,True
673,SYNPCC7942_RS11630,False
674,SYNPCC7942_RS11635,True
675,SYNPCC7942_RS11640,True
676,SYNPCC7942_RS11645,True
677,SYNPCC7942_RS11670,False
678,SYNPCC7942_RS11675,False
679,SYNPCC7942_RS11705,True
680,SYNPCC7942_RS11710,False
681,SYNPCC7942_RS11730,False
682,SYNPCC7942_RS11740,True
683,SYNPCC7942_RS11755,True
684,SYNPCC7942_RS11770,True
685,SYNPCC7942_RS11775,False
686,SYNPCC7942_RS11780,False
687,SYNPCC7942_RS11800,True
688,SYNPCC7942_RS11805,True
689,SYNPCC7942_RS11815,False
690,SYNPCC7942_RS11850,True
691,SYNPCC7942_RS11855,True
692,SYNPCC7942_RS11865,False
693,SYNPCC7942_RS11870,False
694,SYNPCC7942_RS11885,True
695,SYNPCC7942_RS11895,True
696,SYNPCC7942_RS11900,False
697,SYNPCC7942_RS11905,False
698,SYNPCC7942_RS11930,False
699,SYNPCC7942_RS11955,True
700,SYNPCC7942_RS11985,True
701,SYNPCC7942_RS11990,False
702,SYNPCC7942_RS11995,True
703,SYNPCC7942_RS12000,True
704,SYNPCC7942_RS12050,False
705,SYNPCC7942_RS12060,False
706,SYNPCC7942_RS12070,True
707,SYNPCC7942_RS12090,False
708,SYNPCC7942_RS12100,True
709,SYNPCC7942_RS12105,False
710,SYNPCC7942_RS12115,False
711,SYNPCC7942_RS12130,False
712,SYNPCC7942_RS12135,False
713,SYNPCC7942_RS12145,False
714,SYNPCC7942_RS12160,True
715,SYNPCC7942_RS12165,True
716,SYNPCC7942_RS12205,False
717,SYNPCC7942_RS12230,True
718,SYNPCC7942_RS12245,True
719,SYNPCC7942_RS12270,True
720,SYNPCC7942_RS12295,False
721,SYNPCC7942_RS12325,False
722,SYNPCC7942_RS12365,True
723,SYNPCC7942_RS12380,True
724,SYNPCC7942_RS12395,True
725,SYNPCC7942_RS12405,True
726,SYNPCC7942_RS12410,True
727,SYNPCC7942_RS12415,True
728,SYNPCC7942_RS12420,False
729,SYNPCC7942_RS12425,False
730,Synpcc7942_2454,False
731,SYNPCC7942_RS12485,True
732,SYNPCC7942_RS12505,True
733,SYNPCC7942_RS12520,True
734,SYNPCC7942_RS12525,False
735,SYNPCC7942_RS12540,True
736,SYNPCC7942_RS12575,True
737,SYNPCC7942_RS12590,False
738,SYNPCC7942_RS12600,False
739,SYNPCC7942_RS12620,False
740,SYNPCC7942_RS12670,False
741,SYNPCC7942_RS12690,True
742,SYNPCC7942_RS12700,True
743,SYNPCC7942_RS12715,False
744,SYNPCC7942_RS12725,False
745,SYNPCC7942_RS12755,True
746,SYNPCC7942_RS12760,True
747,SYNPCC7942_RS12785,False
748,SYNPCC7942_RS12805,True
749,SYNPCC7942_RS12830,False
750,SYNPCC7942_RS12855,False
751,SYNPCC7942_RS12930,True
752,SYNPCC7942_RS12945,True
753,SYNPCC7942_RS12970,False
754,SYNPCC7942_RS12975,False
755,SYNPCC7942_RS12980,False
756,SYNPCC7942_RS12985,False
757,SYNPCC7942_RS12990,False
758,SYNPCC7942_RS12995,False
759,SYNPCC7942_RS13015,True
760,SYNPCC7942_RS13030,True
761,SYNPCC7942_RS13045,True
762,SYNPCC7942_RS13055,True
763,SYNPCC7942_RS13060,True
764,SYNPCC7942_RS13075,False
765,SYNPCC7942_RS13080,False
766,SYNPCC7942_RS13085,False
767,SYNPCC7942_RS13120,False
768,SYNPCC7942_RS13150,False
769,SYNPCC7942_RS13180,True
770,SYNPCC7942_RS13200,True
771,SYNPCC7942_RS13245,False
772,SYNPCC7942_RS13250,False
773,SYNPCC7942_RS13255,False
774,SYNPCC7942_RS13260,False
775,SYNPCC7942_RS13265,False
776,SYNPCC7942_RS13275,True
777,SYNPCC7942_RS13295,True
778,SYNPCC7942_RS13300,True
779,SYNPCC7942_RS13305,True
780,SYNPCC7942_RS13310,False
781,SYNPCC7942_RS13425,False
782,SYNPCC7942_RS13430,False
783,SYNPCC7942_RS13375,False
784,SYNPCC7942_RS13380,False
